{
    "original_labels":{
        "Continuous urban fabric": 0,
        "Discontinuous urban fabric": 1,
        "Industrial or commercial units": 2,
        "Road and rail networks and associated land": 3,
        "Port areas": 4,
        "Airports": 5,
        "Mineral extraction sites": 6,
        "Dump sites": 7,
        "Construction sites": 8,
        "Green urban areas": 9,
        "Sport and leisure facilities": 10,
        "Non-irrigated arable land": 11,
        "Permanently irrigated land": 12,
        "Rice fields": 13,
        "Vineyards": 14,
        "Fruit trees and berry plantations": 15,
        "Olive groves": 16,
        "Pastures": 17,
        "Annual crops associated with permanent crops": 18,
        "Complex cultivation patterns": 19,
        "Land principally occupied by agriculture, with significant areas of natural vegetation": 20,
        "Agro-forestry areas": 21,
        "Broad-leaved forest": 22,
        "Coniferous forest": 23,
        "Mixed forest": 24,
        "Natural grassland": 25,
        "Moors and heathland": 26,
        "Sclerophyllous vegetation": 27,
        "Transitional woodland/shrub": 28,
        "Beaches, dunes, sands": 29,
        "Bare rock": 30,
        "Sparsely vegetated areas": 31,
        "Burnt areas": 32,
        "Inland marshes": 33,
        "Peatbogs": 34,
        "Salt marshes": 35,
        "Salines": 36,
        "Intertidal flats": 37,
        "Water courses": 38,
        "Water bodies": 39,
        "Coastal lagoons": 40,
        "Estuaries": 41,
        "Sea and ocean": 42
    },
    "label_conversion": [
        [0, 1], 
        [2], 
        [11, 12, 13], 
        [14, 15, 16, 18], 
        [17],
        [19], 
        [20], 
        [21], 
        [22], 
        [23], 
        [24],
        [25, 31],
        [26, 27], 
        [28], 
        [29], 
        [33, 34], 
        [35, 36], 
        [38, 39], 
        [40, 41, 42]
    ],
    "BigEarthNet-19_labels":{
        "Urban fabric": 0,
        "Industrial or commercial units": 1,
        "Arable land": 2,
        "Permanent crops": 3,
        "Pastures": 4,
        "Complex cultivation patterns": 5,
        "Land principally occupied by agriculture, with significant areas of natural vegetation": 6,
        "Agro-forestry areas": 7,
        "Broad-leaved forest": 8,
        "Coniferous forest": 9,
        "Mixed forest": 10,
        "Natural grassland and sparsely vegetated areas": 11,
        "Moors, heathland and sclerophyllous vegetation": 12,
        "Transitional woodland, shrub": 13,
        "Beaches, dunes, sands": 14,
        "Inland wetlands": 15,
        "Coastal wetlands": 16,
        "Inland waters": 17,
        "Marine waters": 18
    }
}